name,imo,country,registration_iso2
SEA STAR MARINE LTD,5711195,Liberia,LR
JULIA MARITIME LTD-MAI,6164166,Marshall Islands,MH
ORION SUN INC,6235289,Liberia,LR
OLDENDORFF DRYBULK GMBH & CO,,Germany,DE
FORTUNE SUQIAN SHIPPING LTD,6232015,Hong Kong,HK
SUN SHIPHOLDING LTD-MAI,5773098,Marshall Islands,MH
AC INTEGRITY SHIPPING CO LTD,6206433,Hong Kong,HK
RED LEAF INTERNATIONAL INC,4066692,Liberia,LR
CRUX MARINE INC,6261886,Liberia,LR
TIFFANY NAVIGATION SA-PAN,5765243,Panama,PA
STAVENTO SHIPPING SA,5895905,Liberia,LR
FORTUNE CHANGLE SHIPPING LTD,6217614,Hong Kong,HK
SNOVER TRADE LTD-MTA,6168858,Malta,MT
HONGKONG XINKAI SHIPPING LTD,6006540,Hong Kong,HK
HONGKONG TENGHUI SHIPPING LTD,6296696,Hong Kong,HK
HONGKONG XINHONG SHIPPING LTD,6105577,Hong Kong,HK
ORIENTAL PHOENIX SHIPPING LTD,6061343,Hong Kong,HK
R&M HG WAVE INC,5663052,Marshall Islands,MH
HELEN SHIPPING CO LTD-HKG,6263803,Hong Kong,HK
SEA SHELTER MARITIME CO SA,4101548,Panama,PA
EMPATI MARITIME SA,6228199,Liberia,LR
HC JANA-ROSA,5875421,Germany,DE
TRIO HAPPINESS/TODA SHIP CO,5743023,Japan,JP
DRAGON SMART LOGISTICS LTD,6167449,Hong Kong,HK
SOC MARINE INTERNATIONAL PAN,6016444,Panama,PA
AURORA ONE SHIPPING LTD,6253767,Marshall Islands,MH
UGAZAN MARITIME LTD,6229166,Marshall Islands,MH
DELIN S,5591807,China,CN
LORA SHIPPING LTD,6136676,Marshall Islands,MH
MINOA MARINE LTD,5865490,Marshall Islands,MH
GOLDENPORT SHIPMANAGEMENT LTD,798451,Greece,GR
UNKNOWN,9991001,,
MARMARAS NAVIGATION LTD,67761,Liberia,LR
HAISTAR MARITIME CO LTD,5295678,Hong Kong,HK
GOODWOOD SHIP MANAGEMENT,5377747,Singapore,SG
OLDENDORFF CARRIERS GMBH & CO,1941881,Germany,DE
ATLANTSKA PLOVIDBA DD,96086,Croatia,HR
LUCK SHIP MANAGEMENT LTD,6102025,Hong Kong,HK
NANJING OCEAN SHIPPING CO LTD,1393349,China,CN
FAFALIOS SHIPPING SA,613613,Panama,PA
RAINBOW MARITIME CO LTD,1321453,Japan,JP
FUJIAN DAQIN INTERNATIONAL,6172339,China,CN
NORFES-MARINE SERVICE CO LTD,1857114,Russia,RU
ZHOUSHAN JINQIAO SHIIPING CO,6260446,China,CN
HONGKONG EVERSTAR MARITIME CO,6103859,Hong Kong,HK
SHINYUAN SHIP MANAGEMENT LTD,6061445,China,CN
SUN ACE SHIPPING CO LTD,1919521,South Korea,KR
VICTORY STAR SHIPMANAGEMENT,6198698,Hong Kong,HK
TOEI KOREA LTD,5773901,South Korea,KR
DALIAN CHUN AN SHIP MGMT CO,5045721,China,CN
DD SHIPPING LTD SA,1991251,Panama,PA
SKY ACE CORPORATION LTD,5913611,Hong Kong,HK
INLACO SAIGON,1666467,Vietnam,VN
SILVER BULK SA,6228185,Marshall Islands,MH
MARLOW SHIP MGMT DEUTSCHLAND,5112029,Germany,DE
SAFE SHIPS LTD,6132903,Marshall Islands,MH
TODA KISEN KK,296139,Japan,JP
DALIAN TRAWIND INTL MANAGEMENT,5119128,China,CN
FIRST MARINE SERVICE CO LTD,523249,Japan,JP
GOLD GLORY INTL SHIP MGMT LTD,4138796,Hong Kong,HK
AURORA SHIPPING LTD-BUL,6256829,Bulgaria,BG
VOLGA SHIPPING JOINT STOCK,555584,Russia,RU
SARFO DENIZCILIK VE TICARET AS,4233931,Turkey,TR
HIGH-RICH SHIPPING CO LTD,5827147,Seychelles,SC
WEIHAI HONGYANG SHIPPING CO,4277961,China,CN
VIKEN CRUDE AS,5899426,Norway,NO
COSCO SHIPPING ENERGY HAINAN,6171534,China,CN
DY MARITIME LTD,6019483,Hong Kong (China),HK
SINORICH SHIPPING PTE LTD,5184930,Singapore,SG
CATANIA SHIPPING INC,1823320,Liberia,LR
HAI KUO SHIPPING 1601 LTD,6017717,Cyprus,CY
HFS WAVE SHIPPING CO LTD,5907081,Marshall Islands,MH
RAVA SHIPPING LLC,5939657,Marshall Islands,MH
CHAMBER MARINE SA,5463464,Liberia,LR
ASIA PLATINUM SHIPPING LTD,5979493,British Virgin Islands,VG
ASIA SILVER SHIPPING LTD,5979476,British Virgin Islands,VG
VERA NAVIGATION INC,5232763,Marshall Islands,MH
MAJORIA SHIPPING CO LTD,6264404,Cyprus,CY
INSANIA SHIPPING CO LTD,5844247,Cyprus,CY
LEMNOS SYNERGY AMAX ARROW LLC,6282388,Marshall Islands,MH
UNIVERSAL NAVIGATION CO LTD,4075262,Liberia,LR
IRMA CORP,6063883,Liberia,LR
WORLD SHIPTRADE SA,5872050,Marshall Islands,MH
HAI KUO SHIPPING 1602 LTD,6017721,Cyprus,CY
TC LNG EXPLORER V LLC,4214659,Marshall Islands,MH
ETHEL SEAWAYS SA,6040909,Liberia,LR
NS ARCTIC SHIPPING INC,5462660,Liberia,LR
MYRTLE MARINE INC,5934673,Liberia,LR
ADORA SHIPPING & TRADING CO,5607834,Marshall Islands,MH
SANDOY SHIPPING LTD,5704511,Liberia,LR
ASHBOURNE NAVIGATION LTD,5210061,Liberia,LR
ORANGE STAR SHIPPING LTD,1584923,Liberia,LR
GRAND T MARINE LTD,6140571,Marshall Islands,MH
ASTERION MARITIME & TRADING,6245475,Marshall Islands,MH
ELPIS INVESTMENTS CORP,5613051,Marshall Islands,MH
DEEP SEA MARITIME LTD,5435550,Malta,MT
PROGRESS SHIPPING CO LTD-LIB,4075276,Liberia,LR
ALKISTIS SHIPPING INC,5846708,Marshall Islands,MH
SHARDLOW MARITIME LTD,5469857,Liberia,LR
RAINTREE MARINE SA,5469830,Liberia,LR
LIBER MARITIME LTD,6096811,Liberia,LR
KISMET VENTURES LTD,6060067,Liberia,LR
PONTOPOROS ENE,5225713,Greece,GR
ASIA GOLD SHIPPING LTD,5979462,British Virgin Islands,VG
CERISE SHIPPING CORP,4155352,Marshall Islands,MH
ICE GAS LNG SHIPPING CO LTD,4101361,Cyprus,CY
CLARA ENE,5256429,Greece,GR
CASTELLARIO SHIPMANAGEMENT LTD,5589491,Cyprus,CY
TC LNG EXPLORER VI LLC,4214662,Marshall Islands,MH
BIG LILY SHIPPING LTD,6194651,Marshall Islands,MH
GANOS SHIPPING INC,5894181,Marshall Islands,MH
CHANTILLY ENTERPRISES CO,4278045,Marshall Islands,MH
TRITON TRIUMPH SA,5267026,Panama,PA
POSEIDON SHIPPING & MARITIME,5378997,Liberia,LR
FAROS OWNERS INC,5973273,Marshall Islands,MH
GREAT TREND SHIPPING LTD,6120287,Hong Kong (China),HK
SUMERTON SHIPHOLDING INC,5469861,Liberia,LR
ARION SHIPMANAGEMENT CORP,5954645,Marshall Islands,MH
COMPASS SHIPPING 59 CORP LTD,6130765,Hong Kong (China),HK
ASTIR SHIPMANAGEMENT CORP,6024719,Marshall Islands,MH
CORALIA SHIPPING CO,5788400,Marshall Islands,MH
GREGALE OWNERS INC,4214265,Marshall Islands,MH
SEATROUT GMBH & CO KG,4113161,Germany,DE
SEASPRAT,4132369,Germany,DE
NS ANTARCTIC SHIPPING INC,5465899,Liberia,LR
NYK LNG SHIPPING NO 2 LTD,4100788,Cyprus,CY
IOKASTI SHIPPING LTD,6160305,Liberia,LR
BRESCIA MARINE SA,6204335,Liberia,LR
GEMINI CRUDE CARRIERS SA,6226762,Liberia,LR
MAGDALENA NAVIGATION CORP,5485671,Marshall Islands,MH
MYRTIDIOTISA CORP,5495120,Liberia,LR
USHBA SHIPPING INC,6149765,Marshall Islands,MH
KOLT JV NO 1 SA,4138297,Panama,PA
VALIANT SAILOR MARINE INC,5418432,Liberia,LR
LB2 MARINE SA,1743169,Panama,PA
COMITANA INVESTMENTS LTD,5324140,Cyprus,CY
HAI KUO SHIPPING 1606 LTD,6071676,Cyprus,CY
ARCTIC BLUE LNG SHIPPING LTD,4214588,Hong Kong (China),HK
TC LNG EXPLORER III LLC,4214631,Marshall Islands,MH
NYK LNG SHPG NO 1 LTD,4100774,Cyprus,CY
NAUTICA SHIPMANAGEMENT SA,4142365,Marshall Islands,MH
OCEAN TRINITY PO NO 3 SA,6291854,Marshall Islands,MH
STREYMOY SHIPPING LTD,5724311,Liberia,LR
TRAMONTANE OWNERS INC,4214251,Marshall Islands,MH
TOWER NAVIGATION INC,4131122,Marshall Islands,MH
SEAPIKE GMBH & CO KG,5457029,Germany,DE
ECLIPSE LIQUIDITY INC,5558401,Marshall Islands,MH
ALCINA OWNING CO LTD,5872196,Marshall Islands,MH
ERNANI OWNING CO LTD,5872219,Marshall Islands,MH
LEMNOS SYNERGY AMAX AVENUE,6312034,Marshall Islands,MH
SUN MARITIME & TRADING INC,6325242,Marshall Islands,MH
NINOX SHIPPING SA,4276830,Marshall Islands,MH
CHARLOTTE OWNERS INC,5993191,Marshall Islands,MH
PHILADELPHIA NAVIGATION LTD,5435529,Malta,MT
EMY SHIPPING SA,5887953,Marshall Islands,MH
CESARO MARINE CO,4209123,Marshall Islands,MH
BLAISE MARITIME SA,4210143,Marshall Islands,MH
ERDINGTON NAVIGATION CORP,5469826,Liberia,LR
SIROCCO OWNERS INC,4214282,Marshall Islands,MH
NS ASIA SHIPPING INC,5465885,Liberia,LR
FEDRA MARITIME INC,6154227,Liberia,LR
ELVINA SHIPHOLDING SA,6040890,Liberia,LR
WATERWAYS TANKERS INC,4109234,Liberia,LR
STERLING SHIPPING INC,5206051,Liberia,LR
BRAVA LINES SHIPMANAGEMENT LTD,5589443,Cyprus,CY
BOSTON SHIPHOLDING SA,5350221,Marshall Islands,MH
VALLEY OF ROSES SHIPPING LTD,5752450,Malta,MT
AGILERA SHIPPING CORP,5423221,Marshall Islands,MH
CL BEILUN LTD,6158352,Hong Kong (China),HK
OLDENDORFF DRYBULK GMBH & CO,5789341,Germany,DE
FANTASEA NAVIGATION LTD,4144066,Marshall Islands,MH
SYMBOL MARITIME LTD,4104057,Marshall Islands,MH
LOIS MARITIME LTD,4145078,Marshall Islands,MH
BAHAMAS LNG TRANSPORT LTD,5730623,Bahamas,BS
MARINER SHIPMANAGEMENT SA,5425054,Marshall Islands,MH
FORTUNE NANJING SHIPPING LTD,6232029,Hong Kong (China),HK
HASSALEH INTERNATIONAL CO,6270941,Liberia,LR
CECILIA OWNING CO LTD,5937369,Marshall Islands,MH
SYMPHONY M ENE,5315111,Greece,GR
OSTRO OWNERS INC,5937372,Marshall Islands,MH
CAMPANELLA SHIPPING,1729752,Malta,MT
ARABELLA OWNING CO LTD,5869051,Marshall Islands,MH
SEACARGO SHIPPING LTD,5352292,Liberia,LR
ALEXANDROS INVESTMENT CORP,5915838,Marshall Islands,MH
BELLAVISTA INVESTMENTS CORP,5639415,Marshall Islands,MH
ROMEO INVESTMENTS INC,5475864,Marshall Islands,MH
WATER VERDE LTD,6304171,British Virgin Islands,VG
ELANOR OWNERS INC,6017836,Marshall Islands,MH
ATHINAIS MARITIME CORP,4073341,Liberia,LR
CALLISTO OWNING CO LTD,5843076,Marshall Islands,MH
INGLESIDE ENE,5315257,Greece,GR
ERIKUB SHIPPING CO INC,5737431,Marshall Islands,MH
TC LNG EXPLORER IV LLC,4214645,Marshall Islands,MH
TC LNG EXPLORER I LLC,4214614,Marshall Islands,MH
HAI KUO SHIPPING 1605 LTD,6071662,Cyprus,CY
SEACONGER GMBH & CO KG,5204951,Germany,DE
EXPRESS SHIPMANAGEMENT CORP,5851531,Marshall Islands,MH
OCEAN PHOENIX PTE LTD,5480595,Singapore,SG
NAVIERA TRANS ORE AIE,5724390,Spain,ES
UNIWIN CAPITAL LTD,6294394,Hong Kong (China),HK
CANITIS LTD,6084059,Cyprus,CY
HAI KUO SHIPPING 1721 LTD,6057187,Cyprus,CY
OCEAN TRINITY SH NO 8 SA,6100925,Panama,PA
CL NANCHANG LTD,4262433,Hong Kong (China),HK
CYGNUS LNG SHIPPING LTD,4105510,Bahamas,BS
HUACONG HAINAN SHIPPING CO LTD,6248537,China,CN
PETROS SHIPMANAGEMENT SA,5381395,Liberia,LR
HAI KUO SHIPPING 1761 LTD,6046681,Marshall Islands,MH
CAMILLE OWNING CO LTD,5872182,Marshall Islands,MH
ARIODANTE OWNING CO LTD,5872205,Marshall Islands,MH
NS LOTUS SHIPPING INC,4129166,Liberia,LR
NS LAGUNA SHIPPING INC,5341430,Liberia,LR
SANGALLO MARITIME LTD,5479527,Marshall Islands,MH
EURYANTHE OWNING CO LTD,5872222,Marshall Islands,MH
ZENITH MARITIME CORP,1936824,Liberia,LR
ARMIDE OWNING CO LTD,5872151,Marshall Islands,MH
MIF I NO 4 K/S,6030023,Denmark,DK
MIF I NO 7 K/S,6010900,Denmark,DK
DELTA STAR ENE,5763304,Greece,GR
LENI MARITIME LTD,6192858,Marshall Islands,MH
OTUS SHIPPING SA,4276826,Marshall Islands,MH
MIGHTY SOUTHPORT NAVIGATION,6168742,Marshall Islands,MH
AMFITRITI NAVIGATION INC,5426208,Liberia,LR
GLORY PACIFIC SKY NAVIGATION,6259474,Malta,MT
LUNDQUIST SHIPPING CO LTD,1181090,Bahamas,BS
BENEDETTA OWNERS INC,5993188,Marshall Islands,MH
STAR MARITIME & TRADING INC,6319147,Marshall Islands,MH
BLUE BAY FINANCE INC,5636588,Marshall Islands,MH
VOV SHIPPING LTD,5932116,Marshall Islands,MH
JIRO SHIPPING SA,5887940,Marshall Islands,MH
ORIENTAL CARRIERS CO,4075280,Liberia,LR
FAIR WIND NAVIGATION SA,947199,Panama,PA
VASTOP MARINE INC,6074534,Liberia,LR
HIGHWAY NAVIGATION CO,4210161,Marshall Islands,MH
BEGONIA MARINE INC,6206518,Liberia,LR
COBALT NAVIGATION SA,6000850,Marshall Islands,MH
UCC 3 LTD,6065859,United Kingdom,GB
BULK NORDIC ORION MI CORP,6196351,Marshall Islands,MH
SEASHARK GMBH & CO KG,5126836,Germany,DE
GH PROD IV LLC,6092028,Marshall Islands,MH
AEGEANZHOU BETA INC,4228556,Liberia,LR
MAYHEM CRUDE INC,5446188,Liberia,LR
BUBO SHIPPING SA,6140191,Marshall Islands,MH
TAYFEN NAVIGATION CO,5710912,Marshall Islands,MH
EGOR LETOV SHIPPING LTD,6247216,Liberia,LR
NS AFRICA SHIPPING INC,5465871,Liberia,LR
CREOLE MARINE LTD,5380043,Marshall Islands,MH
GOLDEN OPAL INC,5976233,Liberia,LR
HJ GLOBAL SA,6208151,Liberia,LR
CLIVIA SHIPPING CO LTD,6241720,Marshall Islands,MH
WATERFRONT TANKERS INC,4109221,Liberia,LR
GALLION NAVIGATION INC,4112088,Liberia,LR
ASTREA SHIPPING LTD,5248199,Liberia,LR
WYATT MARINE CO,5210645,Liberia,LR
FRONT ATHENA INC,5895499,Liberia,LR
LEO CRUDE CARRIERS SA,6226776,Liberia,LR
WATERSCAPE CARRIERS INC,4110665,Liberia,LR
HONGCHANG HONGKONG SHPG CO LTD,6233058,Hong Kong (China),HK
THUNDERCAT MARITIME LTD,6180033,Marshall Islands,MH
OLIB SHIPPING LLC,5956672,Marshall Islands,MH
SWAN MARITIME & TRADING INC,6265345,Marshall Islands,MH
PST ENERGY 5 SHIPPING LLC,5751814,Marshall Islands,MH
FIREBIRD NAVIGATION INC,4153679,Marshall Islands,MH
PACIFIC BLISS MARINE CO,4155366,Marshall Islands,MH
BUXUS SEAWAY LTD,5934727,Liberia,LR
BESENTO SHIPPING CO LTD,6082004,Cyprus,CY
FPMC 104 MARINE CORP,4166286,Liberia,LR
YAKUMO MARITIME SA,4094355,Panama,PA
HAZEL MARINE INC,5759899,Marshall Islands,MH
HOMEPORT TANKERS SA,5177147,Liberia,LR
HERA MARITIME ENTERPRISES LTD,6208457,Liberia,LR
IRTYSH SHIPPING INC,6111893,Panama,PA
AFRANAV MARITIME LTD,6063849,Marshall Islands,MH
SAVANNAH NAIA LTD,6323100,Hong Kong (China),HK
CLYDE CHARTERING INC,6282710,Marshall Islands,MH
XAGOR MARINE SA,5868211,Marshall Islands,MH
RANGER NAVIGATION LTD,4098874,Marshall Islands,MH
HONGKONG LIANDUOSHUN SHIPPING,6231326,Hong Kong (China),HK
LISA ENE,5135692,Greece,GR
ROXANNE ENE,5114467,Greece,GR
IRIS M ENE,5135701,Greece,GR
VG HOLDINGS SA,6289938,Marshall Islands,MH
SEACOD,5332428,Germany,DE
YOKWE SHIPHOLDING CO,5881353,Marshall Islands,MH
NEW HYDE SHIPPING CO LTD,6166556,Marshall Islands,MH
NYK BULKSHIP/JERA TRADING,5887318,Singapore,SG
RONGCHENG YANDUNJIAO MARINE CO,5942280,Hong Kong (China),HK
LONG YUAN LTD,5646801,Marshall Islands,MH
GTLK MALTA THREE LTD,5946941,Malta,MT
ARCTIC YELLOW LNG SHIPPING LTD,4240859,Hong Kong (China),HK
TC LNG EXPLORER II LLC,4214628,Marshall Islands,MH
MARE APOLLON SHIPPING LTD,6162522,Malta,MT
LIBERTY SHIPHOLDING INC,5717818,Marshall Islands,MH
HUDSON MARITIME CO LTD,6251761,Marshall Islands,MH
OLYMPUS MONS MARINE LTD,5944361,Liberia,LR
MONZA SHIPMANAGERS LTD,6270955,Liberia,LR
BLUE TRADER SHIPPING CO LTD,6221846,Liberia,LR
HARGATE MARINE INC,4126073,Liberia,LR
FPMC 105 MARINE CORP,4166290,Liberia,LR
XIANG CH2 HK INTERNATIONAL,5978019,Hong Kong (China),HK
PORTMANN CO LTD,5777158,South Korea,SK
REA SHIPPING LTD,5996390,Malta,MT
HARPOON LINE SA,5860193,Marshall Islands,MH
BLUE FAITH MARITIME SA - LIB,6053992,Marshall Islands,MH
KITSUNE CORP,6124687,Liberia,LR
GENCO CONSTANTINE LTD,5389767,Hong Kong (China),HK
PACIFIC ANOUK SA,6110263,Panama,PA
OCEAN TRINITY SH NO 34 SA,6249929,Marshall Islands,MH
ARAMIS NAVIGATION INC,4170341,Liberia,LR
OLAMAR NAVEGACION SA,666552,Panama,PA
THOR OWNING CO LTD,5402919,Marshall Islands,MH
GENOA FUND SEA INVESTMENTS INC,6273230,Liberia,LR
LOKI OWNING CO LTD,4143191,Marshall Islands,MH
OASIS SHIPHOLDINGS SA,6081315,Marshall Islands,MH
MISUGA SA,1794929,Panama,PA
ROYAL FORWARD PTE LTD,5919071,Singapore,SG
AMBASSADOR SHIPPING CORP,4105109,Marshall Islands,MH
OCEAN TRANSPORTATION MARITIME,6057624,Panama,PA
HUAYUN HAINAN SHIPPING CO LTD,6264792,China,CN
CAPE VENI SHIPPING CO LTD,4125089,Cyprus,CY
DORIS ENTERPRISE INC,5585441,Marshall Islands,MH
PARADISE SHIPPING,1260796,Malta,MT
ORPHEAS NAVIGATION INC,5362431,Liberia,LR
BARBAROSA OIL CO LTD,5491970,Malta,MT
BOUBOULINA ENE,4109804,Greece,GR
MELTEMI ENE,5225435,Greece,GR
NARCISSUS ENTERPRISES SA,4088484,Liberia,LR
PARTANKERS XIV AS,6124276,Norway,NO
HAI KUO SHIPPING 2035T LTD,6298468,Hong Kong (China),HK
SONNET SHIPPING LTD,1535200,Malta,MT
SEAHAKE,5061779,Germany,DE
KALSOY SHIPPING LTD,5657822,Liberia,LR
PETROLEUM TRADING & SHIPPING,6315851,Marshall Islands,MH
FELICIA OWNING CO LTD,5937355,Marshall Islands,MH
OMEGA FOUR MARINE CORP,6056263,Marshall Islands,MH
FEROUSA SHIPPING CO,6311257,Liberia,LR
MAYFAIR SHIPHOLDING SA,5966033,Marshall Islands,MH
ULUSOY DENIZCILIK AS,5430837,Turkey,TR
PONENTE OWNERS INC,5942351,Marshall Islands,MH
RACER SHIPPING SA,5595376,Marshall Islands,MH
MYRA INVESTMENTS LTD,4171865,Marshall Islands,MH
SUMMERTON INVESTMENTS CORP-MAI,6205174,Marshall Islands,MH
SEMELE OWNING CO LTD,5869020,Marshall Islands,MH
DELMER MARINE CORP,5888700,Marshall Islands,MH
BIG PEONY SHIPPING LTD,6194664,Marshall Islands,MH
CAMBER SHIPPING INC,5463447,Liberia,LR
HN5046 LTD,6170187,Liberia,LR
LUMBER MARINE SA,5463420,Liberia,LR
DANIEL MARINE CORP,5499856,Marshall Islands,MH
ROURKE SERVICES LTD,5451912,Liberia,LR
PRESCOTT MARITIME LTD,5796135,Marshall Islands,MH
STAVENTO SHIPOWNERS SA,6021453,Liberia,LR
OCY POLIEGOS LTD,6056507,Malta,MT
JELIKA SHIPPING INC,5796104,Marshall Islands,MH
HONGKONG XINGWANGSHENG SHPG,6106632,Hong Kong (China),HK
MELIA MARINE CORP,6166750,Liberia,LR
FORTUNE GRIND SHIPPING LTD,6193635,Hong Kong (China),HK
OMEGA TEN MARINE CORP,4267394,Marshall Islands,MH
FRONT CHALLENGER INC,4210585,Liberia,LR
GOOD KNIGHT MI LTD,6079708,Marshall Islands,MH
ANATOLIA OWNING CO LTD,4192693,Marshall Islands,MH
AMALTHEA OWNING CO LTD,4188719,Marshall Islands,MH
OMEGA THREE MARINE CORP,6037856,Marshall Islands,MH
NS BORA SHIPPING INC,5484482,Liberia,LR
NS BREEZE SHIPPING INC,5512132,Liberia,LR
NS BURGAS SHIPPING INC,5484479,Liberia,LR
XIANG T6 HK INTERNATIONAL SHIP,5998294,Hong Kong (China),HK
KELSO ENE,5125104,Greece,GR
BABYLON SHIPPING LTD,5639619,Malta,MT
ANTHEA MARITIME LTD,6029825,Marshall Islands,MH
LUCKY SAILORS CO LTD,1832155,Malta,MT
DOLPHIN MARITIME & TRADING-MAI,6248157,Marshall Islands,MH
JASMINE MARITIME CO LTD-MTA,5971833,Malta,MT
PABUR GMBH & CO KG,5679693,Germany,DE
BULK NORDIC ODYSSEY MI CORP,6196365,Marshall Islands,MH
ANTHOS MARITIME LTD,5849645,Marshall Islands,MH
VIRAAT SHIPPING & MARINE CO,6260959,British Virgin Islands,VG
APSIDA INVESTMENT CO,6140201,Marshall Islands,MH
ARVE SHIPPING INC,6300694,Liberia,LR
ARISTOS MARINE INC,6218688,Liberia,LR
AVANTGARDE SHIP NAVIGATION,6138332,Liberia,LR
BRILLIANT 3 INTERNATIONAL SA,5915617,Panama,PA
VIKTOR TSOI SHIPPING LTD,6249889,Liberia,LR
GOLDEN BRILLIANT INC,5716664,Liberia,LR
HAOXING INTERNATIONAL SHIP,6022448,Hong Kong (China),HK
KAI SHUN MARINE PTE LTD,6091930,Singapore,SG
XIANG T94 HK INTERNATIONAL,6086086,Hong Kong (China),HK
XIANG T93 HK INTERNATIONAL,6086072,Hong Kong (China),HK
CASTELLINA MARITIME LTD,6031671,Liberia,LR
CARAVEL LINE SA,6213188,Panama,PA
HASHIHAMA SHIPPING PTE LTD,6033779,Marshall Islands,MH
TOPKAPI SHIPPING INC,5671494,Marshall Islands,MH
HR SAPPHIRE SA,5764903,Panama,PA
BLUE CLOUD NAVIGATION SA,5458804,Liberia,LR
SAVOY TRADING CO,5712012,Marshall Islands,MH
CORAL FAVIA SHIPPING BV,6088238,Netherlands,NL
ANCHORSTAR SHIPPING CO LTD,6264418,Cyprus,CY
KUNOY SHIPPING,5657836,Liberia,LR
GREAT RICH TRANSPORTATION LTD,6052623,Hong Kong (China),HK
EUDA SHIPPING,1419046,Malta,MT
FAIRMAR SHIPPING LTD,5953488,Malta,MT
NORDBAY SHIPPING MANAGEMENT BV,5803124,Netherlands,NL
SEAVALUE SHIPPING SA,5382654,Liberia,LR
EVINOS SHIPPING CORP,4274056,Marshall Islands,MH
TOKA SHIPPING CO INC,6145161,Marshall Islands,MH
ALATAU SHIPPING LTD,5640011,Marshall Islands,MH
SEAHAWK MANAGEMENT SA,5435051,Marshall Islands,MH
ICE PEARL NAVIGATION CORP,4118745,Marshall Islands,MH
HELLENIC ANGEL SHIPPING,4114169,Liberia,LR
NS LION SHIPPING INC,4124284,Liberia,LR
ICE PLANT NAVIGATION LTD,6253736,Liberia,LR
PLOKTI MARINE LTD,5992026,Liberia,LR
ELANDRA SOUND SHIPPING LTD,6097797,Bermuda,BM
KRYMSK SHIPPING INC,5057207,Liberia,LR
EXPRESS WAY SHIPPING LTD,5952754,Malta,MT
SPARTIA TRANSPORTATION CORP,6278902,Marshall Islands,MH
NOLITA MARITIME LLC,6296886,Marshall Islands,MH
LEVANTER MARITIME LTD,4162938,Liberia,LR
CHAO XING SHIPPING INC,6243709,Panama,PA
GLORY RIVERSIDE NAVIGATION LTD,6172855,Malta,MT
BEAUTY MARITIME INC,5422752,Marshall Islands,MH
NERINE SHIPPING CO,6207136,Liberia,LR
ADELASIA OWNERS INC,5993055,Marshall Islands,MH
KITRIES SHIPPING CORP,6229722,Marshall Islands,MH
SFL TIGER INC,6271091,Marshall Islands,MH
MATTERHORN SPIRIT LLC,5216088,Bahamas,BS
OCEAN KING INC-PAN,6313341,Panama,PA
DYNAMIC TANKERS PTE LTD,5910501,Panama,PA
ORAMA SHIPMANAGEMENT CO,5997614,Marshall Islands,MH
FRANKOPAN SHIPPING LLC,5939661,Marshall Islands,MH
XIANG H18 INTERNATIONAL SHIP,6238460,Hong Kong (China),HK
IRIS MARINE INC,6206521,Liberia,LR
BLUNDELL MARITIME SA,4169246,Liberia,LR
CHANTAL SHIPPING CORP,4209110,Marshall Islands,MH
POLAR 7 LTD,6237461,Bermuda,BM
NS DALIAN SHIPPING CO LTD,6180391,Marshall Islands,MH
VEGA SHIPPING LTD-MAI,5940734,Marshall Islands,MH
KYRAKATINGO LTD,5984781,Liberia,LR
ARISTODIMOS CRUDE CARRIER SA,6071971,Liberia,LR
REGINA OWNERS INC,5972006,Marshall Islands,MH
NIMUS CRUDE CARRIERS SA,6316381,Marshall Islands,MH
LOTUS CRUDE CARRIERS SA,6316403,Marshall Islands,MH
ETESIAN SHIPTRADE SA,5970781,Marshall Islands,MH
TANK PASHA INC,4146473,Marshall Islands,MH
DAUCINA NAVIGATION SA,5970747,Marshall Islands,MH
AEGEANZHOU ALPHA INC,4228542,Liberia,LR
GHIBLI SHIPPING BV,5899103,Netherlands,NL
CIERZO MARINE LTD,5970720,Marshall Islands,MH
BLUE LIGHT DEVELOPMENT CORP,5464652,Liberia,LR
LEVANTE OWNERS INC,4214279,Marshall Islands,MH
SWISS PETROCHEMICAL INVESTMENT,6043642,Liberia,LR
XIANG T114 HK INTERNATIONAL,6193122,Hong Kong (China),HK
FISHER MARITIME CO,5969982,Marshall Islands,MH
VERNON MARINE LTD,5847516,Marshall Islands,MH
GOLDEN DRY BULK CO LTD,6199838,Malta,MT
FPMC 202 MARINE CORP,5637436,Liberia,LR
ANNA-BARBARA SCHIFFAHRTS,5419869,Germany,DE
BIRDIE SHIPPING LTD,1560738,Malta,MT
POLAR 19 LTD,6287225,Bermuda,BM
CORAL ENERGY SHIPPING BV,5703306,Netherlands,NL
AEGINA SHIPPING LTD,5881296,Malta,MT
DA SELATAR SHIPPING LTD,6315630,Marshall Islands,MH
EVERGREEN SHIPPING HOLDINGS,4201057,Liberia,LR
FORTUNE KUN SHIPPING LTD,5924371,Marshall Islands,MH
FORTUNE MARINE LTD,5875142,Malta,MT
HAI KUO SHIPPING 2136T LTD,6256364,Hong Kong (China),HK
HAONIAN INTERNATIONAL SHIP,5936374,Hong Kong (China),HK
OCY GUARD LTD,6272086,Malta,MT
STI SPIGA SHIPPING CO LTD,5863825,Marshall Islands,MH
XIANG T27 SG INTERNATIONAL,5988991,Singapore,SG
GREAT NAVIGATION LTD,6081831,Marshall Islands,MH
CAROUZO SHIPTRADE LTD,6176518,Marshall Islands,MH
SIGMA NAVIGATION CORP,5305542,Liberia,LR
FRONT APHRODITE INC,5885581,Liberia,LR
FRONT HEBE INC,5896599,Liberia,LR
FRONT HERA INC,5896625,Liberia,LR
FRONT FUSION INC,6190821,Liberia,LR
FRONT COUGAR INC,5887193,Liberia,LR
DEV LINES INC,6315127,Marshall Islands,MH
SPASTIC OCEANWAY LTD,6281291,Liberia,LR
ARMADA SHIPTRADE CO,6275651,Marshall Islands,MH
EVERLY HOLDINGS VENTURES INC,6048630,Liberia,LR
DUGI OTOK SHIPPING LLC,5956655,Marshall Islands,MH
IONIC ARTEMIS INC,6036994,Marshall Islands,MH
LUNA SEAWAYS INC,5930534,Liberia,LR
IONIC ASPIS INC,6037017,Marshall Islands,MH
SILENE SHIPPING LTD,5679031,Liberia,LR
REDBUD SHIPPING CO LTD,6289354,Marshall Islands,MH
IVORA SHIPPING CO LTD,6091356,Cyprus,CY
NEW TREND LTD,6264245,Liberia,LR
THEMIS LTD-MAI,6163123,Marshall Islands,MH
COOPER NAVIGATION LTD,5729121,Marshall Islands,MH
RIALTO NAVIGATION SA,5201267,Marshall Islands,MH
SEMPREVIVA SHIPPING,1785069,Malta,MT
JACOB MARINE INC,6221979,Panama,PA
SKYLLA NAVIGATION CORP,6314384,Marshall Islands,MH
CRUDE PETROLEUM VENTURES SA,6311981,Marshall Islands,MH
MOSS ENTERPRISES CO,5667470,Marshall Islands,MH
LONGITUDE MARITIME COMPANY SA,6204953,Panama,PA
SEA COUNTESS SA,4109849,Panama,PA
ZOE M ENE,5114436,Greece,GR
SAGAR SHIPHOLDING SA,6334890,Marshall Islands,MH
OCEANUS OWNING CO LTD,5286034,Marshall Islands,MH
MINAJ SHIPPING LLC,6074199,Marshall Islands,MH
NOBLE SPIRIT MARINE SA,4117181,Marshall Islands,MH
SWISS LEGEND MARITIME SA,5998277,Panama,PA
ALBERTI MARINE INC,5645321,Liberia,LR
ELLIE M ENE,5241731,Greece,GR
KANDITA SHIPMANAGEMENT LTD,5589531,Cyprus,CY
MIST MARITIME INC,5934687,Liberia,LR
PALOMAR TRANSPORT SA,5934691,Liberia,LR
CORAL ENERGICE SHIPPING BV,6025341,Netherlands,NL
FOREST LAKE MARITIME SA,6328763,Panama,PA
MED STAR SHIPPING TRADING LTD,5985585,Marshall Islands,MH
AK BARS LEASING JSC,5735831,Russia,RU
AUGUSTOS SHIPPING SA,6002975,Marshall Islands,MH
FORTUNE SEALION III LTD,6245838,Hong Kong (China),HK
NYK BULKSHIP KOREA CO LTD,5232729,South Korea,SK
RAMVIK SHIPPING CO LTD,4075333,Liberia,LR
KENJIMI TRANSPORTS INC,5264070,Liberia,LR
CANFIELD MARINE CO LTD,4095129,Liberia,LR
EDGERTON SHIPPING LTD,4095132,Liberia,LR
PANORMOS SHIPPING CORP,6216029,Marshall Islands,MH
SIENA SEAS SA,6230518,Liberia,LR
BEVER LTD,4169229,Liberia,LR
DONG TAI SHIPPING CO LTD-CHT,6199719,Taiwan,TW
MSPL DIAMOND PTE LTD,5606561,Singapore,SG
FPMC 106 MARINE CORP,4166309,Liberia,LR
FPMC 107 MARINE CORP,4166312,Liberia,LR
ERICA NAVIGATION SA,941521,Panama,PA
ZORA MARINE CO LTD,6168040,Liberia,LR
AUGUSTEA BULK CARRIER LTD,5674834,Malta,MT
PLUS SHIPMANAGEMENT CORP,5833239,Marshall Islands,MH
BAODARUN SHIPPING LTD,6172722,Hong Kong (China),HK
ARCTIC INDIGO LNG SHIPPING LTD,4240876,Hong Kong (China),HK
CARIBSTAR SHIPPING SA,1150897,Panama,PA
CDBL OCEAN LTD,6014743,Hong Kong (China),HK
BLUESKIES SHIPPING CO LTD,5771220,Liberia,LR
MHC SPRING SHIPPING SA,5795891,Panama,PA
ISC1438 SHIPPING SA,6307175,Panama,PA
JUBILO MARITIMA SA,4128401,Panama,PA
OCEANIC SUCCESS SHPG CO LTD,5266734,Malta,MT
KSF GLOBAL NO 12 SA,6243859,Marshall Islands,MH
SEN TREASURE SHIPPING LTD SA,6203235,Panama,PA
ANDROMEDA SHIPTRADE LTD,6035364,Marshall Islands,MH
PAPPOUS SHIPPING LTD,6286023,Marshall Islands,MH
TRACY STAR LTD,5874405,Marshall Islands,MH
NAZLI DENIZCILIK LTD STI,5899911,Turkey,TR
LOS HALILLOS SHIPPING CO SA,1226667,Panama,PA
SHIKOKUEXI SHIPPING INC,5887088,Marshall Islands,MH
NORTH ANTHEM SHIPPING CO LTD,5997371,Marshall Islands,MH
NOUVELLE SHIPMANAGEMENT CO,5239880,Marshall Islands,MH
GREEN SPANKER SHIPPING SA,643691,Panama,PA
BRIDGETON MARITIME CO,4095101,Liberia,LR
STALAGMITE MARITIME SA,6257504,Panama,PA
AVIOR MARINE CO,6016413,Liberia,LR
AXIOS MARITIME INC,6266992,Marshall Islands,MH
G-ACE PTE LTD,1606614,Singapore,SG
CASTALIA SHIPHOLDING SA,5958475,Liberia,LR
BROTHERS POWER SHIPPING CO SA,5771922,Liberia,LR
EQUATOR NAVIGATION PTE LTD,5920878,Singapore,SG
HORIZON NAVIGATION PTE LTD,5921108,Singapore,SG
RIYAL NAVIGATION INC,5720879,Marshall Islands,MH
LIRA NAVIGATION INC,5720865,Marshall Islands,MH
ALTAI SHIPPING LTD,5639843,Marshall Islands,MH
FAIR WIND NAVIGATION SA,947199,Panama,PA
OCY GALLANTRY LTD,6272072,Malta,MT
LEGEND MARINE LTD,6038973,Marshall Islands,MH
DONAT SHIPPING LLC,5956641,Marshall Islands,MH
BW ALDRICH PTE LTD,5802832,Singapore,SG
SEYCHELLES PRELUDE LTD,5345052,Isle of Man,IM
DELTA COMMANDER ENE,5519316,Greece,GR
OCY TELLUS LTD,6041721,Malta,MT
ALBERT MARINE INC,5914888,Liberia,LR
NTT LEASING SINGAPORE PTE LTD,5909220,Singapore,SG
STI CAMDEN SHIPPING CO LTD,5775956,Marshall Islands,MH
POLAR 8 LTD,6258105,Bermuda,BM
HSL LOUIE SHIPPING LTD,6079328,Isle of Man,IM
STI HACKNEY SHIPPING CO LTD,5776092,Marshall Islands,MH
UNITED SHIPPING SERV ELEVEN,5528760,Liberia,LR
VICTORY FAITH SA,4091262,Panama,PA
SH1 SHIPPING LLC,6128044,Marshall Islands,MH
JEMMA SHIPPING LTD,5991491,Malta,MT
MARIGOLD MARITIME INC,6046749,Liberia,LR
LUMINOUS MARINE SA,6045462,Liberia,LR
NEPTUNE SHIPHOLDING INC,5936621,Liberia,LR
STARBOARD NAVIGATION CORP,5452399,Marshall Islands,MH
NAT BERMUDA HOLDINGS LTD,6087566,Bermuda,BM
LEONOR MARITIME SA,6163199,Marshall Islands,MH
ZEUS SHIPPING CO LTD,6123370,Marshall Islands,MH
NAVIERA PAGASARRI 544 SL,6080918,Spain,ES
CARMEL SHIPPING LLC,6048087,Marshall Islands,MH
ARMATA MARINE INC-LIB,1708218,Liberia,LR
COMPASS SHIPPING 70 CORP LTD,6149531,Hong Kong,HK
COMPASS SHIPPING 71 CORP LTD,6149544,Hong Kong,HK
FABIAZZO NAVIGATION LTD,6021087,Marshall Islands,MH
NS LEADER SHIPPING INC,5305560,Liberia,LR
SHINOBU SHIPPING CO LTD,1147765,Bahamas,BS
APOLLO HONOUR SA,4091245,Panama,PA
ORIENTAL FLEET TANKER 10 LTD,6061578,Marshall Islands,MH
STI ACTON SHIPPING CO LTD,5775871,Marshall Islands,MH
STI POPLAR SHIPPING CO LTD,5776282,Marshall Islands,MH
RUBIO HOLDINGS LTD,5460694,Cyprus,CY
FORTUNE FAITH SA,4091259,Panama,PA
VICTORY SPIRIT SA,4091276,Panama,PA
ARU BAHTERA LAJU ABADI PT,6288722,Indonesia,ID
BARUNG BAHTERA LAJU ABADI PT,6288740,Indonesia,ID
GALISSAS TRADING SA,5426106,Liberia,LR
STI CLAPHAM SHIPPING CO LTD,5775987,Marshall Islands,MH
SPDBFL ONE HUNDRED SEVENTY-7,6311915,China,CN
SKY MINOR LINES LTD,6253740,Liberia,LR
PICASSO SHIPPING LLC,6048091,Marshall Islands,MH
HONOUR MARINE CO LTD,6143766,Liberia,LR
PEARL MARITIME PT,5319351,Indonesia,ID
IONIC ANASSA INC,5890321,Marshall Islands,MH
NOBU SHIPPING SA,5887922,Marshall Islands,MH
ACCORD MARITIME PTE LTD,5979153,Singapore,SG
MANDALA MARITIME LTD,6141172,,#N/A
COMPASS SHIPPING 72 CORP LTD,6149558,Hong Kong,HK
SEB LEASING OY,5236219,Finland,#N/A
SPARKLE NAVIGATION LTD,6038987,Marshall Islands,MH
BSL DEWEY SHIPPING LTD,6079345,Isle of Man,IM
AFRODITI NAVIGATION INC,5587668,Liberia,LR
KMARIN NO 17D SA,5898595,Marshall Islands,MH
YPSOUS SHIPPING LTD,5861585,Malta,MT
ANGELIC SEAS CORP,4097774,Liberia,LR
PARTANKERS XVII AS,6223502,Norway,NO
HAI KUO SHIPPING 2032T LTD,6280143,Hong Kong,HK
STEAMAR TRANSPORTES MARITIMOS,5650211,Madeira,PT
BERKELEY SHIPTRADE SA,6023786,Marshall Islands,MH
MOWINCKEL SUEZMAX TANKERS AS,5665748,Norway,NO
AETNA SHIPPING CO LTD,734429,Liberia,LR
KUDU SHIPPING CO LTD,936631,Liberia,LR
OCEAN POWER INC,5885197,Liberia,LR
ACHATES NAVIGATION INC,5901312,Marshall Islands,MH
BOSCHETTO MARITIME INC,5452310,Liberia,LR
PARTANKERS XVI AS,6189655,Norway,NO
BEATRIX CONSULTANTS CORP,5465284,Marshall Islands,MH
HAI KUO SHIPPING 1979T LTD,6149076,Hong Kong,HK
OYSTER NAVIGATION LTD,6188524,Marshall Islands,MH
RONY SHIPPING LTD,6168209,Marshall Islands,MH
DELTA IOS ENE,5448198,Greece,GR
OMEGA SIX MARINE CORP,4267381,Marshall Islands,MH
NOSTOS MARINE CO,6145440,Liberia,LR
OCY AQUARIUS LTD,6041748,Malta,MT
SEA DREAM SHIPPING CORP,4262610,Marshall Islands,MH
FEYHA N LTD,6242511,Marshall Islands,MH
CELSIE SEAWAYS SA,5915550,Liberia,LR
SAPFO LINES LTD,5915489,Liberia,LR
SEA 218 LEASING CO LTD,6215578,Hong Kong,HK
SEA 219 LEASING CO LTD,6215581,Hong Kong,HK
SEA 221 LEASING CO LTD,6215604,Hong Kong,HK
STI FULHAM SHIPPING CO LTD,5776075,Marshall Islands,MH
VIERZEHNTE BUTTNER SCHIFFAHRTS,4247992,Germany,DE
MANDARIN SHIPPING LTD,1759717,Malta,MT
STARLET MARITIME LTD,5871374,Liberia,LR
CAUPOLA SHIPPING LTD,5992511,Marshall Islands,MH
HSL HUEY SHIPPING LTD,6079331,Isle of Man,IM
RIVER POINT LLC,5984701,Marshall Islands,MH
NS POINT SHIPPING INC,5415591,Liberia,LR
NISSEN KAIUN/SOUTHERN ROUTE,4118714,Panama,PA
COMPASS SHIPPING 49 CORP LTD,6157283,Marshall Islands,MH
ELFTE BUTTNER SCHIFFAHRTS,4247958,Germany,DE
B ADVANCE SHIPPING CO LTD,5349625,Cyprus,CY
YASH TANKERS LTD,6270062,Liberia,LR
ZUG CONDOR 233 SCHIFFFAHRTS,6223269,Germany,DE
RIVER PARTY LLC,5984692,Marshall Islands,MH
GANDIA SHIPPING INC,5846212,Panama,PA
VALOR MARITIME LTD,5613311,Marshall Islands,MH
SPDBFL NO ONE ONE SIX SHANGHAI,6190542,China,CN
GREAT THASOS LTD,6118652,Marshall Islands,MH
OJV CAYMAN 1 LTD,6051761,Cayman Islands,KY
ADELE OWNING CO LTD,5885241,Marshall Islands,MH
SKS SHIPOWNING 1 LTD,6269008,Bermuda,BM
SKS SHIPOWNING 3 LTD,6269025,Bermuda,BM
LIVOBISSI SHIPPING,5041453,Liberia,LR
HONG YU TIANJIN SHIP LEASING,6004398,China,CN
ELANDRA BAY SHIPPING LTD,6097783,Bermuda,BM
RAINBOW SEA SA,4284242,Marshall Islands,MH
KELBIV SHIPPING INC,5766723,Liberia,LR
NIXTEM SHIPPING INC,5802161,Liberia,LR
HN5040 LTD,6143151,Liberia,LR
PROSALT NAVIGATION SA,6085882,Marshall Islands,MH
GOLD BUTTERFLY MARITIME LTD,6197947,Malta,MT
ENDEAVOR TANKERS PTE LTD,5916195,Singapore,SG
MEDLEY INVESTMENT CO,6041371,Liberia,LR
BULK NORDIC OLYMPIC MI CORP,6203080,Marshall Islands,MH
BULK NORDIC OSHIMA MI CORP,6203093,Marshall Islands,MH
TOSTOLI SHIPPING INC,6074548,Liberia,LR
XIANG T120 HK INTERNATIONAL,6150697,China,CN
RIVIERA MARINE LTD,6263746,Malta,MT
UTVIKEN AS,6070991,Norway,NO
DAT PACIFIC1 MARITIME SA,5947192,Panama,PA
ROSTRUM SHIPPING SA,5553184,Panama,PA
FAIR WEATHER SHIPPING LTD,1902805,Malta,MT
XIANG T96 HK INTERNATIONAL,6086109,China,CN
LAKE STURGEON SOLUTIONS INC,5951331,Marshall Islands,MH
ORTOLAN COCO,6270164,Germany,DE
LADIES SHIPPING LTD,5643616,Malta,MT
KALI MARINE LTD,6053533,Marshall Islands,MH
BALTIC MARINER SHIPPING CO LTD,5802470,Malta,MT
FIRST CLEAN AIR LR2 PTE LTD,5983694,Singapore,SG
PACIFICOS SHIPPING LTD,6128384,Marshall Islands,MH
VEGA MARITIME INC-MAI,6270615,Marshall Islands,MH
TMW SHIPPING CV,5848001,Netherlands,NL
VASSHOLMEN SHIPPING LTD,6073672,Malta,MT
MAREA MARITIME SA,6293382,Marshall Islands,MH
SUN LANES SHIPPING SA,977697,Panama,PA
TEEKAY TANKERS TS HULL S-1415,5842431,Marshall Islands,MH
SERENADE MARINE CORP,5891519,Liberia,LR
NORDSYMPHONY SHIPPING MGMT BV,6082208,Netherlands,NL
FAIRSEA ENTERPRISES SA,4119828,Panama,PA
STENDE NAVIGATION INC,5299769,Marshall Islands,MH
VARI SHIPPING LTD,5761197,Malta,MT
SALDUS NAVIGATION INC,4144070,Marshall Islands,MH
SAPPHIRE SHIPHOLDING SA,6071561,Panama,PA
DEEPBLUE SHIPPING CORP,5594188,Liberia,LR
ALEXANDRA MARITIME SA,5350509,Liberia,LR
BLUE WAVES MARINE SA,5704919,Liberia,LR
SBK DOLINA LLC,6218759,Russia,RU
SHANDONG ZIHE TANKER CO LTD,5920303,Hong Kong,HK
ELARON SHIPPING,1763952,Malta,MT
SKYLER SA,5934731,Liberia,LR
SPDBFL NO ONE ONE THREE,6190511,China,CN
XENOFON SHIPPING CO LTD,5979238,Marshall Islands,MH
AKBASOGLU FOREIGN TRADE & SHIP,1486426,Turkey,TR
MARE ARTEMIS SHIPPING LTD,6162519,Malta,MT
B MONARCH SHIPPING CO LTD,5349038,Cyprus,CY
BSL DONALD SHIPPING LTD,6079359,Isle of Man,IM
KMARIN NO 17G SA,5898621,Marshall Islands,MH
AREZZO OWNING CO LTD,5895202,Marshall Islands,MH
NAVIGATOR LIBRA LLC,4178448,Marshall Islands,MH
NICOMEDIA NAVIGATION LTD,4141371,Marshall Islands,MH
SEA 71 LEASING CO LTD,6051161,Hong Kong,HK
OLAMAR NAVEGACION SA,666552,Panama,PA
ASIAN STAR MARINE LTD,6223961,Hong Kong,HK
CASTELLINA TANKERS CO SA,5995184,Liberia,LR
DUNSLEY NAVIGATION SA,5859139,Liberia,LR
THALASSA MARINE INC,5513436,Marshall Islands,MH
TOURLITIS NAVIGATION LTD,5646933,Marshall Islands,MH
TYDEP MARITIME SA,5792852,Liberia,LR
YASA FALCON SHIPPING LTD,5639239,Marshall Islands,MH
CL FENGHUA LTD,6158370,Hong Kong,HK
NAVIGATOR SHIPPING SA,6006231,Marshall Islands,MH
CIRCLE HARMONY SHIPPING CO LTD,6272863,Hong Kong,HK
HAI KUO SHIPPING 2122B LTD,6245679,Hong Kong,HK
SAKIZAYA INTEGRITY SA,4228692,Panama,PA
DAYNA MARINE SA,6153453,Liberia,LR
SIRENE OCEANWAY SA,6157031,Liberia,LR
BLUE ATLANTIC CO,6046752,Liberia,LR
STILAN MARITIME INC,4127451,Marshall Islands,MH
SEAWAY BEST NAVIGATION SA,4130036,Liberia,LR
SW JULIA SHIPPING LLC,5882087,Marshall Islands,MH
LUCKY SUNDAY MARITIME LTD,6140280,Marshall Islands,MH
WATERMARK MARITIME INC,4110811,Liberia,LR
SEETIP MARITIME LTD,5746717,Liberia,LR
DIONE MARINE INC,6165116,Liberia,LR
GEA MARITIME SA,5167344,Liberia,LR
KAYSTROS SHIPPING LTD,6016373,Liberia,LR
SK OCEAN MARITIME PTE LTD,6173819,Singapore,SG
HYDROUSSA MARITIME LTD,4145206,Marshall Islands,MH
TRIO HAPPINESS SA,1153256,Panama,PA
DOXA ENE,5369818,Greece,GR
LANEL NAVIGATION CORP,4125129,Liberia,LR
IMOLA NAVIGATION SA,6190984,Liberia,LR
TIANLONG SPIRIT LLC,5431821,Marshall Islands,MH
MAESTRO MARINE CO,5983871,Marshall Islands,MH
HELLENIC PRIDE INC,5804771,Liberia,LR
NEW HORIZON MARINE CO,5885206,Liberia,LR
ASTERIA MARITIME SA,5983646,Marshall Islands,MH
DSS 8 LLC,5877807,Marshall Islands,MH
ATLANTA SPIRIT LLC,5879471,Marshall Islands,MH
GULFVIEW SHIPPING CO SA,5891880,Panama,PA
LAVENDER MARINE LTD,6011050,Marshall Islands,MH
RIDGEBURY ALPHA LLC,5758211,Marshall Islands,MH
BELMONDO SHIPPING INC,5452368,Marshall Islands,MH
MARAN POSEIDON ENE,6105909,Greece,GR
NIRVANA NAVIGATION LTD,5452385,Marshall Islands,MH
PARURE MARINE CO,6010710,Marshall Islands,MH
GATSON SHIPPING LTD,5463416,Liberia,LR
SMILTENE NAVIGATION INC,4125305,Marshall Islands,MH
NORTHERN KING SHIPPING,902780,Liberia,LR
RIKAPE MARITIME LTD,5909879,Liberia,LR
AET SINGAPORE ONE PTE LTD,5998440,Singapore,SG
DANAIS MARITIME CORP,4073337,Liberia,LR
DELTA HARMONY ENE,5483688,Greece,GR
DELTA POSEIDON ENE,5602541,Greece,GR
GREAT OCEANO LTD,6290391,Marshall Islands,MH
MIF II NO 7 K/S,6187248,Denmark,DK
DELTA MARIA ENE,5853191,Greece,GR
NS BRAVO SHIPPING INC,5512129,Liberia,LR
ORIENTAL FLEET TANKER 29 LTD,6275094,Hong Kong,HK
BAHAMAS LNG SHIPPING LTD,4175372,Bahamas,BS
SOLID MARITIME SA,5916120,Marshall Islands,MH
SOCIETY MARITIME CO,5767338,Marshall Islands,MH
ORIENTAL FLEET TANKER 09 LTD,6061564,Marshall Islands,MH
WATANABE PRINT/WPSD,5593471,Japan,JP
NORDIC TATIANA SCHIFFFAHRTS,6207771,Germany,DE
PB NORGE AS,5516016,Norway,NO
SCOPS NAVIGATION SA,5934700,Liberia,LR
SHINTOKU PANAMA SA,1995431,Panama,PA
MALINDI NAVIGATION LTD,5601296,Marshall Islands,MH
PANDEIRO MARINE LTD,5601305,Marshall Islands,MH
SEDNA MARITIME SA,6190879,Panama,PA
WOTHO SHIPPING CO INC,5737784,Marshall Islands,MH
NORVIKEN AS,6070987,Norway,NO
DOVE SEACARRIERS LTD,5781699,Liberia,LR
KSF 33 INTERNATIONAL SA,5872081,Panama,PA
JACOB TANK VIERTE BETEILIGUNGS,5598631,Germany,DE
BAILUZUO SHIPPING SA,5637895,Panama,PA
VISION SHIPPING CO-MAI,6227350,Marshall Islands,MH
ADAMAS TRADING SA,4147701,Liberia,LR
HAI KUO SHIPPING 1971T LTD,6148991,Hong Kong,HK
XIANG T99 HK INTERNATIONAL,6086130,Hong Kong,HK
GULF PEARL SHIPPING LTD,5160011,Bahamas,BS
IVY MARITIME LLC,6119081,Marshall Islands,MH
VIOLET SHIPPING LLC,6119094,Marshall Islands,MH
BW CLEARWATER PTE LTD,5825154,Singapore,SG
OCEAN DELICACY SHIPPING LTD,5918713,Hong Kong,HK
SUNNY LION SHIPPING LLC,6248126,Marshall Islands,MH
HAI KUO SHIPPING 2214T PTE LTD,6299276,Singapore,SG
SUMMERSEA SHIPPING SA,5914018,Liberia,LR
LRK-3 FINANCE INC,5906741,Marshall Islands,MH
KHAIRPUR SHIPPING PVT LTD,6083603,Pakistan,PK
XIANG T104 HK INTERNATIONAL,6121078,Hong Kong,HK
BANI YAS SHIPPING CO INC,5571591,Liberia,LR
AVERTO MARINE CORP,5872899,Liberia,LR
GOLDEN AMBER INC,5985038,Liberia,LR
GREAT RHODES LTD,6163707,Marshall Islands,MH
PRIVET SHIPPING LLC,6119077,Marshall Islands,MH
POLLOCK LTD,6079362,Isle of Man,IM
MAP HPT I LLC,6064701,Marshall Islands,MH
XIANG T36 HK INTERNATIONAL,6002096,Hong Kong,HK
XIANG H22 INTERNATIONAL SHIP,6238853,Hong Kong,HK
BALTIC FAVOUR LLC,6127341,Marshall Islands,MH
AGT EMPRESSA MARITIMA INC,6304811,Marshall Islands,MH
NORDIC JOSEPHINE SCHIFFFAHRTS,6226281,Germany,DE
LEZANTIO SHIPPING CO LTD,6099590,Cyprus,CY
TOKYO LNG TANKER/TOHO LNG,5156645,Japan,JP
TOKYO LNG TANKER/MITSUI OSK,4129489,Japan,JP
PST ENERGY 4 SHIPPING LLC,5751801,Marshall Islands,MH
UACC ROSS TANKER II AS,6015185,Norway,NO
RIDGEBURY VICTOR LLC,5789076,,#N/A
SAUGER SOLUTIONS INC,5867598,Marshall Islands,MH
PST ENERGY 6 SHIPPING LLC,5751964,Marshall Islands,MH
PORTMANN SHIPPING CO LTD,6207401,South Korea,SK
CHAMPION SHIPPING AS,1554399,Norway,NO
XIANG T90 HK INTERNATIONAL,6086041,Hong Kong,HK
HELEN TRADING SA,5923121,Liberia,LR
HIGHLANDER SEAWAYS INC,5520781,Liberia,LR
LUCRETIA SHIPPING SA,1027958,Panama,PA
CORAL FUNGIA SHIPPING BV,6088224,Netherlands,NL
OCCITAN BULKERS LTD,5659846,Bahamas,BS
LIBERO PANAMA SA,1370531,Panama,PA
ARCTIC CHAR SHIPPING LLC,6266051,Marshall Islands,MH
CL BELLE CO LTD,6061825,Hong Kong,HK
TRIGGER SHIPPING LTD,1523286,Malta,MT
SKS SHIPOWNING 7 LTD,6269060,Bermuda,BM
SKS SHIPOWNING 9 LTD,6269087,Bermuda,BM
AVANTI SHIPPING CO,5732430,Marshall Islands,MH
COMPASS SHIPPING 48 CORP LTD,6157270,Marshall Islands,MH
TRIBECA TRADING SA,5897858,Marshall Islands,MH
TRITON SUCCESS SA,5255142,Panama,PA
TONZIP MARITIME LTD,5818400,Liberia,LR
GLAFKOS SHIPPING CORP,4274025,Marshall Islands,MH
BAYTOWN MARITIME LLC,5939161,Marshall Islands,MH
FOUR JOLLY SPA,5483365,Italy,IT
PRIDE SHIPMANAGEMENT CORP,5853174,Marshall Islands,MH
SFYRA SHIPPING CO,6048997,Liberia,LR
SEA 267 LEASING CO LTD,6273291,Hong Kong,HK
WILTAMAX MARINE INC,5802174,Liberia,LR
BOYENT MARITIME INC,5882630,Liberia,LR
SUVRETTA TRANSPORTATION CORP,4141778,Liberia,LR
LATRIX SHIPPING INC,4112366,Liberia,LR
SILVER NO 31 SA,5900668,Marshall Islands,MH
SFL LION INC,6271101,Marshall Islands,MH
POLAR 9 LTD,6276398,Bermuda,BM
TARIF INC,5571472,Liberia,LR
HOTLEN SHIPPING INC,6078744,Liberia,LR
IONIC ALTHEA INC,6037021,Marshall Islands,MH
SEAWAY TANKERS PTE LTD,5931909,Singapore,SG
RIPTUN SHIPPING SA,5746703,Liberia,LR
KMARIN NO 17C SA,5898581,Marshall Islands,MH
KMARIN NO 17H SA,5898635,Marshall Islands,MH
NAVIGATOR LEO LLC,4178434,Marshall Islands,MH
FORWARD GLORIA NAV/DAIWA KISEN,6020194,Panama,PA
ODLEY WORLDWIDE INC,5378100,Virgin Islands,VI
FILOKTITIS CRUDE CARRIER SA,6129440,Marshall Islands,MH
ALINEA INTERNATIONAL SA,4193569,Panama,PA
ERGOLAS HOLDINGS INC,4193572,Panama,PA
UCC 4 LTD,6065862,United Kingdom,GB
COMPASS SHIPPING 74 CORP LTD,6149575,Hong Kong,HK
